<?xml version="1.0" encoding="UTF-8"?>
<suite name="LycaTestSuite" verbose="1" >

	<listeners>
        <listener class-name="com.lycadigital.genericUtils.TestListeners.TestListener"/>
        <listener class-name="com.lycadigital.genericUtils.TestListeners.AnnotationTransformer"/>
    </listeners>
  
  <test name = "PAYMENT_TESTS">
	  <classes>
	  	 <class name = "com.lycadigital.testrunner.LoggedIn.Bundle.UKBundleLoggedInUserTest"></class>
	  	<!--<class name = "com.lycadigital.testrunner.OtherUser.UKBundlePlusTopUpOtherUserTest"></class>
		 <class name = "com.lycadigital.testrunner.OtherUser.UKBundleOtherUserTest"></class>
	  	<class name = "com.lycadigital.testrunner.OtherUser.UKTopUpOtherUserTest"></class> -->
	  	
	  </classes>
  </test>
      
   
</suite>
	
	
	