<?xml version="1.0" encoding="UTF-8"?>


<TestConfig>

	<DesiredCapabilities>
		<deviceName>emulator-5554</deviceName>
		<platformName>Android</platformName>
		<platformVersion>8.1.0</platformVersion>
		<automationName>uiautomator2</automationName>>
		<appPackage>com.lycadigital.lycamobile</appPackage>
		<appActivity>com.lycadigital.lycamobile.view.SplashScreen</appActivity>
		<appDir>Resources/apk</appDir>
		<apk>LycaMobile.apk</apk>
	</DesiredCapabilities>

	<TestData>
		<contactNumber>7438338905</contactNumber>
		<contactName>UKRecharge</contactName>>
		<cardName>Hemant Vadher</cardName>
		<cardNumber>5116561081888621</cardNumber>
		<expiryMonth>06</expiryMonth>>
		<expiryYear>2023</expiryYear>
		<cvv>851</cvv>
		<house>15L</house>
		<street>95th Street</street>
		<city>London</city>
		<county>London</county>
		<country>UK</country>
		<postalCode>E149SG</postalCode>
		<email>jonesh.sharma@lycadigital.com</email>
		<secureCode>test</secureCode>
		<test>test</test>
	</TestData>>



</TestConfig>


